{
    "PROBFIRE": true,
    "departements": [
        "departement-01-ain",
        "departement-25-doubs",
        "departement-69-rhone",
        "departement-78-yvelines"
    ],
    "kernel": "same",
    "smooth": false,
    "top3_neighbord": false,
    "datasetVersion": "GMClusteringDep",
    "NORMALIZE": true,
    "evaluationCluster": [],
    "CALIBRATOR": "sigmoid",
    "STANDARDIZARTION": false,
    "sinisters": [
        "NATURELSFire"
    ],
    "groupingCluster": true,
    "n_class": 5,
    "loglossFor1NATURELSFiretrain": 0.5148374463035709,
    "fireLogLossFor1NATURELSFiretrain": 0.5031732412254192,
    "ECE_binsFor1NATURELSFiretrain": 16,
    "ECE_valFor1NATURELSFiretrain": 2.658872294086898,
    "loglossFor1NATURELSFiretest": 0.5167373571451586,
    "fireLogLossFor1NATURELSFiretest": 0.5186320622096413,
    "ECE_binsFor1NATURELSFiretest": 19,
    "ECE_valFor1NATURELSFiretest": 2.7137876641516994,
    "loglossFor1NATURELSFire69": 0.5150636217748759,
    "fireLogLossFor1NATURELSFire69": 0.6822666222049125,
    "ECE_binsFor1NATURELSFire69": 12,
    "ECE_valFor1NATURELSFire69": 2.9823900576884514,
    "loglossFor1NATURELSFire2023": 0.566894340064683,
    "fireLogLossFor1NATURELSFire2023": 0.5136889447665537,
    "ECE_binsFor1NATURELSFire2023": 11,
    "ECE_valFor1NATURELSFire2023": 3.4379512986378895,
    "loglossFor2NATURELSFiretrain": 0.484471861831214,
    "fireLogLossFor2NATURELSFiretrain": 0.5862054621509633,
    "ECE_binsFor2NATURELSFiretrain": 19,
    "ECE_valFor2NATURELSFiretrain": 2.223578962373093,
    "loglossFor2NATURELSFiretest": 0.48463300300707135,
    "fireLogLossFor2NATURELSFiretest": 0.593071559339483,
    "ECE_binsFor2NATURELSFiretest": 24,
    "ECE_valFor2NATURELSFiretest": 1.8372716261075106,
    "loglossFor2NATURELSFire69": 0.4469154094900373,
    "fireLogLossFor2NATURELSFire69": 0.8874417541669571,
    "ECE_binsFor2NATURELSFire69": 21,
    "ECE_valFor2NATURELSFire69": 3.0949527241974866,
    "loglossFor2NATURELSFire2023": 0.5057544901478938,
    "fireLogLossFor2NATURELSFire2023": 0.6397790967599082,
    "ECE_binsFor2NATURELSFire2023": 11,
    "ECE_valFor2NATURELSFire2023": 3.536059191327348,
    "loglossFor3NATURELSFiretrain": 0.5004009292363994,
    "fireLogLossFor3NATURELSFiretrain": 0.6707738631630927,
    "ECE_binsFor3NATURELSFiretrain": 33,
    "ECE_valFor3NATURELSFiretrain": 1.62311005511265,
    "loglossFor3NATURELSFiretest": 0.49585394264279675,
    "fireLogLossFor3NATURELSFiretest": 0.6774262067542421,
    "ECE_binsFor3NATURELSFiretest": 47,
    "ECE_valFor3NATURELSFiretest": 1.9142912515391783,
    "loglossFor3NATURELSFire69": 0.38654449758345766,
    "fireLogLossFor3NATURELSFire69": 1.0600084522207072,
    "ECE_binsFor3NATURELSFire69": 49,
    "ECE_valFor3NATURELSFire69": 3.486157695477945,
    "loglossFor3NATURELSFire2023": 0.5232939549452347,
    "fireLogLossFor3NATURELSFire2023": 0.7667468928737239,
    "ECE_binsFor3NATURELSFire2023": 19,
    "ECE_valFor3NATURELSFire2023": 3.454456016517061,
    "loglossFor4NATURELSFiretrain": 0.44982314010906405,
    "fireLogLossFor4NATURELSFiretrain": 0.8335453789632461,
    "ECE_binsFor4NATURELSFiretrain": 63,
    "ECE_valFor4NATURELSFiretrain": 2.103415017250606,
    "loglossFor4NATURELSFiretest": 0.4463645126300286,
    "fireLogLossFor4NATURELSFiretest": 0.827807284286018,
    "ECE_binsFor4NATURELSFiretest": 101,
    "ECE_valFor4NATURELSFiretest": 1.9355121363989254,
    "loglossFor4NATURELSFire69": 0.27731715960441444,
    "fireLogLossFor4NATURELSFire69": 1.4054010595026125,
    "ECE_binsFor4NATURELSFire69": 100,
    "ECE_valFor4NATURELSFire69": 3.1583519123915984,
    "loglossFor4NATURELSFire2023": 0.4662343539760776,
    "fireLogLossFor4NATURELSFire2023": 0.953328311996298,
    "ECE_binsFor4NATURELSFire2023": 36,
    "ECE_valFor4NATURELSFire2023": 4.103528536345661,
    "loglossFor5NATURELSFiretrain": 0.4495273385681346,
    "fireLogLossFor5NATURELSFiretrain": 0.8160522756901039,
    "ECE_binsFor5NATURELSFiretrain": 132,
    "ECE_valFor5NATURELSFiretrain": 2.4817878410617897,
    "loglossFor5NATURELSFiretest": 0.4511870686089676,
    "fireLogLossFor5NATURELSFiretest": 0.8121636195739483,
    "ECE_binsFor5NATURELSFiretest": 212,
    "ECE_valFor5NATURELSFiretest": 2.363555154597919,
    "loglossFor5NATURELSFire69": 0.2497558138946865,
    "fireLogLossFor5NATURELSFire69": 1.826113295849079,
    "ECE_binsFor5NATURELSFire69": 166,
    "ECE_valFor5NATURELSFire69": 2.493923446555208,
    "loglossFor5NATURELSFire2023": 0.43564053588802515,
    "fireLogLossFor5NATURELSFire2023": 1.174294072629347,
    "ECE_binsFor5NATURELSFire2023": 64,
    "ECE_valFor5NATURELSFire2023": 4.2198787184123665,
    "loglossFor10NATURELSFiretrain": 0.17581259268943056,
    "fireLogLossFor10NATURELSFiretrain": 2.67176012044156,
    "ECE_binsFor10NATURELSFiretrain": 225,
    "ECE_valFor10NATURELSFiretrain": 0.9800391755193631,
    "loglossFor10NATURELSFiretest": 0.17761612036073343,
    "fireLogLossFor10NATURELSFiretest": 2.6410507504371243,
    "ECE_binsFor10NATURELSFiretest": 475,
    "ECE_valFor10NATURELSFiretest": 0.8387566725999847,
    "loglossFor10NATURELSFire69": 0.05934231030575555,
    "fireLogLossFor10NATURELSFire69": 3.7544425000261192,
    "ECE_binsFor10NATURELSFire69": 159,
    "ECE_valFor10NATURELSFire69": 0.23726375972002775,
    "loglossFor10NATURELSFire2023": 0.12386422968093763,
    "fireLogLossFor10NATURELSFire2023": 2.999070216927348,
    "ECE_binsFor10NATURELSFire2023": 88,
    "ECE_valFor10NATURELSFire2023": 0.7577392664002143
}