{
    "PROBFIRE": true,
    "departements": [
        "departement-25-doubs"
    ],
    "kernel": "same",
    "smooth": false,
    "top3_neighbord": false,
    "datasetVersion": "inondationGMClustering",
    "NORMALIZE": true,
    "evaluationCluster": [],
    "CALIBRATOR": "sigmoid",
    "STANDARDIZARTION": false,
    "sinisters": [
        "Inondation"
    ],
    "groupingCluster": false,
    "n_class": 5,
    "rmseProba": 6.535339136197846e-12,
    "loglossFor1Inondationtrain": 0.3691063494176509,
    "fireLogLossFor1Inondationtrain": 1.1485737008361991,
    "ECE_binsFor1Inondationtrain": 2371,
    "ECE_valFor1Inondationtrain": 4.473269516232874,
    "loglossFor1Inondationtest": 0.3647285181010718,
    "fireLogLossFor1Inondationtest": 1.1407730961812366,
    "ECE_binsFor1Inondationtest": 2906,
    "ECE_valFor1Inondationtest": 4.452108474876872,
    "loglossFor1Inondation2023": 0.05626556421394573,
    "fireLogLossFor1Inondation2023": 3.1150442092059087,
    "ECE_binsFor1Inondation2023": 165,
    "ECE_valFor1Inondation2023": 2.453809420470218,
    "loglossFor5Inondationtrain": 0.27628754232905395,
    "fireLogLossFor5Inondationtrain": 1.3380198308279585,
    "ECE_binsFor5Inondationtrain": 5990,
    "ECE_valFor5Inondationtrain": 1.2705525945520906,
    "loglossFor5Inondationtest": 0.27203493970536313,
    "fireLogLossFor5Inondationtest": 1.3208938217211033,
    "ECE_binsFor5Inondationtest": 7406,
    "ECE_valFor5Inondationtest": 1.5094980556364628,
    "loglossFor10Inondationtrain": 0.28537192033757475,
    "fireLogLossFor10Inondationtrain": 1.5347617634723392,
    "ECE_binsFor10Inondationtrain": 26155,
    "ECE_valFor10Inondationtrain": 0.45881888446399344,
    "loglossFor10Inondationtest": 0.2879021131861206,
    "fireLogLossFor10Inondationtest": 1.50819535880658,
    "ECE_binsFor10Inondationtest": 31600,
    "ECE_valFor10Inondationtest": 0.42986972708807325,
    "loglossFor20Inondationtrain": 0.21093259812206702,
    "fireLogLossFor20Inondationtrain": 2.963321019448282,
    "ECE_binsFor20Inondationtrain": 4401,
    "ECE_valFor20Inondationtrain": 0.18988291769264026,
    "loglossFor20Inondationtest": 0.1602270944290357,
    "fireLogLossFor20Inondationtest": 2.710133630920761,
    "ECE_binsFor20Inondationtest": 5476,
    "ECE_valFor20Inondationtest": 0.17696174533859946
}