{
    "PROBFIRE": true,
    "departements": [
        "departement-01-ain",
        "departement-25-doubs",
        "departement-69-rhone",
        "departement-78-yvelines"
    ],
    "kernel": "same",
    "smooth": false,
    "top3_neighbord": false,
    "datasetVersion": "GMClustering",
    "NORMALIZE": true,
    "evaluationCluster": [],
    "CALIBRATOR": "sigmoid",
    "STANDARDIZARTION": false,
    "sinisters": [
        "NATURELSFire"
    ],
    "groupingCluster": false,
    "n_class": 5,
    "loglossFor1NATURELSFiretrain": 0.29959665504572647,
    "fireLogLossFor1NATURELSFiretrain": 1.2353017554791599,
    "ECE_binsFor1NATURELSFiretrain": 77,
    "ECE_valFor1NATURELSFiretrain": 1.7010315893177752,
    "loglossFor1NATURELSFiretest": 0.3052944494107115,
    "fireLogLossFor1NATURELSFiretest": 1.2432905829152758,
    "ECE_binsFor1NATURELSFiretest": 82,
    "ECE_valFor1NATURELSFiretest": 1.7204007035548294,
    "loglossFor1NATURELSFire69": 0.33655259407986055,
    "fireLogLossFor1NATURELSFire69": 1.1819163058209496,
    "ECE_binsFor1NATURELSFire69": 27,
    "ECE_valFor1NATURELSFire69": 2.4043245846878203,
    "loglossFor1NATURELSFire2023": 0.31082207045696936,
    "fireLogLossFor1NATURELSFire2023": 1.3502637397078623,
    "ECE_binsFor1NATURELSFire2023": 36,
    "ECE_valFor1NATURELSFire2023": 2.123574704734923,
    "loglossFor2NATURELSFiretrain": 0.10017495584857015,
    "fireLogLossFor2NATURELSFiretrain": 1.3513701596955834,
    "ECE_binsFor2NATURELSFiretrain": 312,
    "ECE_valFor2NATURELSFiretrain": 2.3517310479795874,
    "loglossFor2NATURELSFiretest": 0.10179092865650002,
    "fireLogLossFor2NATURELSFiretest": 1.3973677673722091,
    "ECE_binsFor2NATURELSFiretest": 316,
    "ECE_valFor2NATURELSFiretest": 2.212957423318331,
    "loglossFor2NATURELSFire69": 0.12207295092632646,
    "fireLogLossFor2NATURELSFire69": 1.480437665817349,
    "ECE_binsFor2NATURELSFire69": 67,
    "ECE_valFor2NATURELSFire69": 2.740705502630879,
    "loglossFor2NATURELSFire2023": 0.09293273425477466,
    "fireLogLossFor2NATURELSFire2023": 1.5301870821978096,
    "ECE_binsFor2NATURELSFire2023": 131,
    "ECE_valFor2NATURELSFire2023": 2.5178656455970994,
    "loglossFor3NATURELSFiretrain": 0.04434995064706834,
    "fireLogLossFor3NATURELSFiretrain": 1.3331282006411749,
    "ECE_binsFor3NATURELSFiretrain": 1345,
    "ECE_valFor3NATURELSFiretrain": 2.221720402478581,
    "loglossFor3NATURELSFiretest": 0.04404882241161237,
    "fireLogLossFor3NATURELSFiretest": 1.4098964694151814,
    "ECE_binsFor3NATURELSFiretest": 1317,
    "ECE_valFor3NATURELSFiretest": 2.0373821637919765,
    "loglossFor3NATURELSFire69": 0.05218720441155103,
    "fireLogLossFor3NATURELSFire69": 1.6914767712461714,
    "ECE_binsFor3NATURELSFire69": 180,
    "ECE_valFor3NATURELSFire69": 2.3709892150683576,
    "loglossFor3NATURELSFire2023": 0.036347518357461125,
    "fireLogLossFor3NATURELSFire2023": 1.4539125681146228,
    "ECE_binsFor3NATURELSFire2023": 515,
    "ECE_valFor3NATURELSFire2023": 2.0947083996433298,
    "loglossFor4NATURELSFiretrain": 0.023516075244744673,
    "fireLogLossFor4NATURELSFiretrain": 1.2095141986432048,
    "ECE_binsFor4NATURELSFiretrain": 5842,
    "ECE_valFor4NATURELSFiretrain": 1.7784335371782694,
    "loglossFor4NATURELSFiretest": 0.02281185966970714,
    "fireLogLossFor4NATURELSFiretest": 1.328427625004001,
    "ECE_binsFor4NATURELSFiretest": 5522,
    "ECE_valFor4NATURELSFiretest": 1.6593366547254282,
    "loglossFor4NATURELSFire69": 0.025467607873383855,
    "fireLogLossFor4NATURELSFire69": 1.9620302881709915,
    "ECE_binsFor4NATURELSFire69": 492,
    "ECE_valFor4NATURELSFire69": 1.817022389687973,
    "loglossFor4NATURELSFire2023": 0.018352156304757474,
    "fireLogLossFor4NATURELSFire2023": 1.2825618898880822,
    "ECE_binsFor4NATURELSFire2023": 2032,
    "ECE_valFor4NATURELSFire2023": 1.3275818270789872,
    "loglossFor5NATURELSFiretrain": 0.014321933574800296,
    "fireLogLossFor5NATURELSFiretrain": 1.2037784315032294,
    "ECE_binsFor5NATURELSFiretrain": 25387,
    "ECE_valFor5NATURELSFiretrain": 1.1766154693064559,
    "loglossFor5NATURELSFiretest": 0.013586549474206991,
    "fireLogLossFor5NATURELSFiretest": 1.3376056633515832,
    "ECE_binsFor5NATURELSFiretest": 23171,
    "ECE_valFor5NATURELSFiretest": 1.1010030133320188,
    "loglossFor5NATURELSFire69": 0.014721063365398177,
    "fireLogLossFor5NATURELSFire69": 2.055072386534878,
    "ECE_binsFor5NATURELSFire69": 1342,
    "ECE_valFor5NATURELSFire69": 1.1146062457712973,
    "loglossFor5NATURELSFire2023": 0.010232795985605333,
    "fireLogLossFor5NATURELSFire2023": 0.9453840982139722,
    "ECE_binsFor5NATURELSFire2023": 8033,
    "ECE_valFor5NATURELSFire2023": 0.8147390971523205,
    "loglossFor10NATURELSFiretrain": 0.0028993257187751595,
    "fireLogLossFor10NATURELSFiretrain": 1.2418520806539504,
    "ECE_binsFor10NATURELSFiretrain": 39367200,
    "ECE_valFor10NATURELSFiretrain": 0.25909226805391655,
    "loglossFor10NATURELSFiretest": 0.0024959003936238936,
    "fireLogLossFor10NATURELSFiretest": 1.2886194346338438,
    "ECE_binsFor10NATURELSFiretest": 30155105,
    "ECE_valFor10NATURELSFiretest": 0.22378823897997857
}