{
    "PROBFIRE": true,
    "departements": [
        "departement-01-ain",
        "departement-25-doubs",
        "departement-69-rhone",
        "departement-78-yvelines"
    ],
    "kernel": "same",
    "smooth": false,
    "top3_neighbord": false,
    "datasetVersion": "GMClusteringtest",
    "NORMALIZE": true,
    "evaluationCluster": [],
    "CALIBRATOR": "sigmoid",
    "STANDARDIZARTION": false,
    "sinisters": [
        "Fire",
        "NATURELSFire",
        "AGRICOLEFire"
    ],
    "groupingCluster": false,
    "n_class": 5,
    "rmseProba": 0.00023166590336607795,
    "logloss_Fire": 0.4733700785363705,
    "fireLogLoss_Fire": 0.840945751020194,
    "ECE_binsFire": 77,
    "ECE_valFire": 1.5071851234507923,
    "logloss_Firetrain": 0.48953095251074474,
    "fireLogLoss_Firetrain": 0.7224657196958946,
    "ECE_binsFiretrain": 76,
    "ECE_valFiretrain": 1.2707658122816945,
    "logloss_NATURELSFire": 0.4839705914533398,
    "fireLogLoss_NATURELSFire": 0.798019484437693,
    "ECE_binsNATURELSFire": 75,
    "ECE_valNATURELSFire": 1.9854016353053217,
    "logloss_NATURELSFiretrain": 0.4825448600596009,
    "fireLogLoss_NATURELSFiretrain": 0.820788019498639,
    "ECE_binsNATURELSFiretrain": 80,
    "ECE_valNATURELSFiretrain": 1.8995050205559014,
    "logloss_AGRICOLEFire": 0.11207989853948264,
    "fireLogLoss_AGRICOLEFire": 2.7753259249562414,
    "ECE_binsAGRICOLEFire": 10,
    "ECE_valAGRICOLEFire": 0.10543592082936978,
    "logloss_AGRICOLEFiretrain": 0.09975878899673415,
    "fireLogLoss_AGRICOLEFiretrain": 2.779616786917194,
    "ECE_binsAGRICOLEFiretrain": 10,
    "ECE_valAGRICOLEFiretrain": 0.08900567821677828
}