{
    "PROBFIRE": true,
    "departements": [
        "departement-01-ain",
        "departement-25-doubs",
        "departement-69-rhone",
        "departement-78-yvelines"
    ],
    "kernel": "same",
    "smooth": false,
    "top3_neighbord": false,
    "datasetVersion": "GMClusteringBefore",
    "NORMALIZE": true,
    "evaluationCluster": [],
    "CALIBRATOR": "sigmoid",
    "STANDARDIZARTION": false,
    "sinisters": [
        "NATURELSFire"
    ],
    "groupingCluster": false,
    "n_class": 5,
    "rmseProba": 2.2170970675966173e-05,
    "loglossFor1NATURELSFiretrain": 0.4536795211200197,
    "fireLogLossFor1NATURELSFiretrain": 1.397273116008047,
    "ECE_binsFor1NATURELSFiretrain": 40,
    "ECE_valFor1NATURELSFiretrain": 2.6360660660651836,
    "loglossFor1NATURELSFiretest": 0.45546499538747925,
    "fireLogLossFor1NATURELSFiretest": 1.4044361369229512,
    "ECE_binsFor1NATURELSFiretest": 44,
    "ECE_valFor1NATURELSFiretest": 2.576758734251456,
    "loglossFor1NATURELSFire69": 0.48270157209258924,
    "fireLogLossFor1NATURELSFire69": 1.3641487954085971,
    "ECE_binsFor1NATURELSFire69": 20,
    "ECE_valFor1NATURELSFire69": 2.626458321121299,
    "loglossFor1NATURELSFire2023": 0.43944849919275103,
    "fireLogLossFor1NATURELSFire2023": 1.5534640282622358,
    "ECE_binsFor1NATURELSFire2023": 22,
    "ECE_valFor1NATURELSFire2023": 2.2805934363961207,
    "loglossFor2NATURELSFiretrain": 0.3372891216977949,
    "fireLogLossFor2NATURELSFiretrain": 1.7368217611655115,
    "ECE_binsFor2NATURELSFiretrain": 137,
    "ECE_valFor2NATURELSFiretrain": 1.173488721254016,
    "loglossFor2NATURELSFiretest": 0.32759480183236867,
    "fireLogLossFor2NATURELSFiretest": 1.7670885659722222,
    "ECE_binsFor2NATURELSFiretest": 147,
    "ECE_valFor2NATURELSFiretest": 1.1660916761989895,
    "loglossFor2NATURELSFire69": 0.325705826855367,
    "fireLogLossFor2NATURELSFire69": 1.8910468515785122,
    "ECE_binsFor2NATURELSFire69": 48,
    "ECE_valFor2NATURELSFire69": 1.3290208596712019,
    "loglossFor2NATURELSFire2023": 0.282380879599056,
    "fireLogLossFor2NATURELSFire2023": 1.7861240511754641,
    "ECE_binsFor2NATURELSFire2023": 72,
    "ECE_valFor2NATURELSFire2023": 1.437081550089707,
    "loglossFor5NATURELSFiretrain": 0.2216259894873377,
    "fireLogLossFor5NATURELSFiretrain": 2.2147522502700236,
    "ECE_binsFor5NATURELSFiretrain": 9259,
    "ECE_valFor5NATURELSFiretrain": 0.29834406213850256,
    "loglossFor5NATURELSFiretest": 0.25354047960128945,
    "fireLogLossFor5NATURELSFiretest": 2.11816249525145,
    "ECE_binsFor5NATURELSFiretest": 10073,
    "ECE_valFor5NATURELSFiretest": 0.31938258617916465,
    "loglossFor5NATURELSFire69": 0.136361020228174,
    "fireLogLossFor5NATURELSFire69": 2.919597293684553,
    "ECE_binsFor5NATURELSFire69": 1513,
    "ECE_valFor5NATURELSFire69": 0.38500847951815126,
    "loglossFor5NATURELSFire2023": 0.42357568883133173,
    "fireLogLossFor5NATURELSFire2023": 2.228305577089832,
    "ECE_binsFor5NATURELSFire2023": 5014,
    "ECE_valFor5NATURELSFire2023": 0.30983459788517215,
    "loglossFor7NATURELSFiretrain": 0.1396900623280813,
    "fireLogLossFor7NATURELSFiretrain": 3.1873603090515736,
    "ECE_binsFor7NATURELSFiretrain": 22352,
    "ECE_valFor7NATURELSFiretrain": 0.10363408398969198,
    "loglossFor7NATURELSFiretest": 0.12969895631054343,
    "fireLogLossFor7NATURELSFiretest": 3.198556378693069,
    "ECE_binsFor7NATURELSFiretest": 30747,
    "ECE_valFor7NATURELSFiretest": 0.09758507689350703,
    "loglossFor7NATURELSFire69": 0.020132542552733234,
    "fireLogLossFor7NATURELSFire69": 5.161802011335537,
    "ECE_binsFor7NATURELSFire69": 4055,
    "ECE_valFor7NATURELSFire69": 0.07709069455749916,
    "loglossFor7NATURELSFire2023": 0.16969979332375135,
    "fireLogLossFor7NATURELSFire2023": 3.614538052846397,
    "ECE_binsFor7NATURELSFire2023": 19304,
    "ECE_valFor7NATURELSFire2023": 0.07683439086889297,
    "loglossFor10NATURELSFiretrain": 0.009287093545745185,
    "fireLogLossFor10NATURELSFiretrain": 7.022839007753365,
    "ECE_binsFor10NATURELSFiretrain": 535,
    "ECE_valFor10NATURELSFiretrain": 0.011021405091400727,
    "loglossFor10NATURELSFiretest": 0.008149995200764863,
    "fireLogLossFor10NATURELSFiretest": 7.226443036868584,
    "ECE_binsFor10NATURELSFiretest": 622,
    "ECE_valFor10NATURELSFiretest": 0.008611889728613839
}